id,name,model_id:id,group_id:id,perm_read,perm_write,perm_create,perm_unlink
access_commission_account_rm,access_commission_account_rm,model_commission_account_rm,,1,1,1,1
access_commission_account_dm,access_commission_account_dm,model_commission_account_dm,,1,1,1,1
access_commission_account_enterprise,access_commission_account_enterprise,model_commission_account_enterprise,,1,1,1,1
access_commission_reporting,access_commission_reporting,model_commission_reporting,,1,1,1,1
access_partner_commission_position,access_partner_commission_position,model_partner_commission_position,,1,1,1,1
access_commission_file_loaded,access_commission_file_loaded,model_commission_file_loaded,,1,1,1,1
access_commission_file_upload_wizard,access_commission_file_upload_wizard,model_commission_file_upload_wizard,,1,1,1,1
access_commission_membership_percentage,access_commission_membership_percentage,model_commission_membership_percentage,,1,1,1,1
access_commission_file_loaded_computed,access_commission_file_loaded_computed,model_commission_file_loaded_computed,,1,1,1,1
access_commission_file_loaded_files_status,access_commission_file_loaded_files_status,model_commission_file_loaded_files_status,,1,1,1,1
access_commission_file_loaded_dm_team,access_commission_file_loaded_dm_team,model_commission_file_loaded_dm_team,,1,1,1,1
access_commission_file_loaded_employees,access_commission_file_loaded_employees,model_commission_file_loaded_employees,,1,1,1,1
access_commission_membership,access_commission_membership,model_commission_membership,,1,1,1,1
access_commission_membership_line,access_commission_membership_line,model_commission_membership_line,,1,1,1,1
access_commission_files_status,access_commission_files_status,model_commission_files_status,,1,1,1,1
access_commissions_partner_membership,access_commissions_partner_membership,model_commission_partner_membership,,1,1,1,1
access_commissions_partner_membership_line,access_commissions_partner_membership_line,model_commission_partner_membership_line,,1,1,1,1
access_commissions_dm_team,access_commissions_dm_team,model_commission_dm_team,,1,1,1,1
access_commission_execute_automatic_process_wizard,access_commission_execute_automatic_process_wizard,model_commission_execute_automatic_process_wizard,,1,1,1,1
access_commission_rollback,access_commission_rollback,model_commission_rollback,,1,1,1,1
access_membership_rollback,access_membership_rollback,model_membership_rollback,,1,1,1,1
access_commission_file_loaded_maximum_rates,access_commission_file_loaded_maximum_rates,model_commission_file_loaded_maximum_rates,,1,1,1,1