<?xml version="1.0" encoding="utf-8"?>
<odoo>
    <data noupdate="0">
         <record model="ir.module.category" id="module_b_hsbc_commissions">
            <field name="name">HSBC Commissions</field>
            <field name="description">Allow management HSBC commission.</field>
            <field name="sequence">16</field>
        </record>
        <record id="group_hsbc_commission_rm" model="res.groups">
            <field name="name">RM(Seller)</field>
            <field name="category_id" ref="b_hsbc_commission.module_b_hsbc_commissions"/>
        </record>
        <record id="group_hsbc_commission_enterprise" model="res.groups">
            <field name="name">Enterprise(Seller)</field>
            <field name="category_id" ref="b_hsbc_commission.module_b_hsbc_commissions"/>
        </record>
        <record id="group_hsbc_commission_dm" model="res.groups">
            <field name="name">DM(Manager)</field>
            <field name="category_id" ref="b_hsbc_commission.module_b_hsbc_commissions"/>
        </record>
        <record id="group_hsbc_commission_admin" model="res.groups">
            <field name="name">Administrator</field>
            <field name="category_id" ref="b_hsbc_commission.module_b_hsbc_commissions"/>
        </record>
        <!-- RULES -->
        <!-- RM -->
        <record model="ir.rule" id="group_hsbc_commission_rm_commission_rule">
            <field name="name">RM: Will only be able to see your accounts statements</field>
            <field name="model_id" ref="model_commission_account_rm"/>
            <field name="domain_force">[('partner_id', '=', user.partner_id.id)]</field>
            <field name="groups" eval="[(4, ref('b_hsbc_commission.group_hsbc_commission_rm'))]"/>
            <field name="perm_write" eval="False"/>
            <field name="perm_create" eval="False"/>
            <field name="perm_unlink" eval="False"/>
        </record>

        <record model="ir.rule" id="group_hsbc_commission_rm_reporting_rule">
            <field name="name">RM: Will only be able to see your reporting records</field>
            <field name="model_id" ref="model_commission_reporting"/>
            <field name="domain_force">[('partner_rm_id', '=', user.partner_id.id)]</field>
            <field name="groups" eval="[(4, ref('b_hsbc_commission.group_hsbc_commission_rm'))]"/>
            <field name="perm_write" eval="False"/>
            <field name="perm_create" eval="False"/>
            <field name="perm_unlink" eval="False"/>
        </record>
        <!-- ENTERPRISE -->
        <record model="ir.rule" id="group_hsbc_commission_enterprise_commission_rule">
            <field name="name">Enterprise: Will only be able to see your accounts statements</field>
            <field name="model_id" ref="model_commission_account_enterprise"/>
            <field name="domain_force">[('partner_id', '=', user.partner_id.id)]</field>
            <field name="groups" eval="[(4, ref('b_hsbc_commission.group_hsbc_commission_enterprise'))]"/>
            <field name="perm_write" eval="False"/>
            <field name="perm_create" eval="False"/>
            <field name="perm_unlink" eval="False"/>
        </record>

        <record model="ir.rule" id="group_hsbc_commission_enterprise_reporting_rule">
            <field name="name">Enterprise: Will only be able to see your reporting records</field>
            <field name="model_id" ref="model_commission_reporting"/>
            <field name="domain_force">[('partner_rm_id', '=', user.partner_id.id)]</field>
            <field name="groups" eval="[(4, ref('b_hsbc_commission.group_hsbc_commission_enterprise'))]"/>
            <field name="perm_write" eval="False"/>
            <field name="perm_create" eval="False"/>
            <field name="perm_unlink" eval="False"/>
        </record>
        <!-- DM -->
        <record model="ir.rule" id="group_hsbc_commission_dm_commission_rule">
            <field name="name">DM: Will only be able to see your accounts statements</field>
            <field name="model_id" ref="model_commission_account_dm"/>
            <field name="domain_force">[('partner_id', '=', user.partner_id.id)]</field>
            <field name="groups" eval="[(4, ref('b_hsbc_commission.group_hsbc_commission_dm'))]"/>
            <field name="perm_write" eval="False"/>
            <field name="perm_create" eval="False"/>
            <field name="perm_unlink" eval="False"/>
        </record>

        <record model="ir.rule" id="group_hsbc_commission_dm_reporting_rule">
            <field name="name">DM: Will only be able to see your reporting records</field>
            <field name="model_id" ref="model_commission_reporting"/>
            <field name="domain_force">['|', ('partner_dm_id', '=', user.partner_id.id), ('partner_dm_id.rm_ids', 'child_of', [user.partner_id.id])]</field>
            <field name="groups" eval="[(4, ref('b_hsbc_commission.group_hsbc_commission_dm'))]"/>
            <field name="perm_write" eval="False"/>
            <field name="perm_create" eval="False"/>
            <field name="perm_unlink" eval="False"/>
        </record>

    </data>
</odoo>
