<?xml version="1.0" encoding="utf-8"?>
<template xml:space="preserve">
    <t t-extend="ListView.buttons" t-name="CommissionsFileUpload.buttons">
        <t t-jquery="div.o_list_buttons" t-operation="inner">
            <button t-if="widget and widget.modelName == 'commission.file.loaded'"
                class="btn btn-primary btn_commissions_file_uploaded"
                type="button">
                Upload file
            </button>
            <button t-if="widget and widget.modelName == 'commission.file.loaded'"
                class="btn btn-primary btn_commissions_execute_actions"
                type="button">
                Ejecutar Proceso Completo
            </button>
        </t>
    </t>
</template>
